system_id,timezone,station_id,name,short_name,lat,lon,capacity
Bixi_MTL,America/Montreal,803,Bixi_MTL,8126,0.0,0.0,2
Bixi_MTL,America/Montreal,802,Bixi_MTL,8090,45.5684203464,-73.7468728423,23
Bixi_MTL,America/Montreal,801,Bixi_MTL,8153,0.0,0.0,3
Bixi_MTL,America/Montreal,800,Bixi_MTL,8132,0.0,0.0,3
Bixi_MTL,America/Montreal,799,Bixi_MTL,8097,0.0,0.0,2
Bixi_MTL,America/Montreal,798,Bixi_MTL,8166,45.5597052681,-73.5515543818,25
Bixi_MTL,America/Montreal,797,Bixi_MTL,8098,45.5534000891,-73.6622545123,15
Bixi_MTL,America/Montreal,796,Bixi_MTL,8091,45.5604898518,-73.7091851234,3
Bixi_MTL,America/Montreal,795,Bixi_MTL,8131,0.0,0.0,3
Bixi_MTL,America/Montreal,794,Bixi_MTL,8133,45.5160139404,-73.6082428694,15
Bixi_MTL,America/Montreal,793,Bixi_MTL,8172,0.0,0.0,3
Bixi_MTL,America/Montreal,792,Bixi_MTL,8165,45.5286305486,-73.6773124337,15
Bixi_MTL,America/Montreal,791,Bixi_MTL,8084,45.5600744094,-73.6812525988,19
Bixi_MTL,America/Montreal,790,Bixi_MTL,8083,45.5581429929,-73.719420433,23
Bixi_MTL,America/Montreal,789,Bixi_MTL,8107,45.4460609218,-73.6507994682,2
Bixi_MTL,America/Montreal,788,Bixi_MTL,8109,45.4383671393,-73.715466857,2
Bixi_MTL,America/Montreal,787,Bixi_MTL,8108,45.439823821,-73.6948782206,15
Bixi_MTL,America/Montreal,786,Bixi_MTL,8148,45.5131775825,-73.7130609155,19
Bixi_MTL,America/Montreal,785,Bixi_MTL,8144,45.5175830637,-73.7266141176,19
Bixi_MTL,America/Montreal,784,Bixi_MTL,8096,45.516902512,-73.5272455215,15
Bixi_MTL,America/Montreal,783,Bixi_MTL,8145,45.502989,-73.689113,19
Bixi_MTL,America/Montreal,782,Bixi_MTL,8095,45.610926629,-73.5467344522,19
Bixi_MTL,America/Montreal,781,Bixi_MTL,8094,45.6027276,-73.5579303,11
Bixi_MTL,America/Montreal,780,Bixi_MTL,8104,45.4305431446,-73.6690244079,25
Bixi_MTL,America/Montreal,779,Bixi_MTL,8105,45.4365682707,-73.7083697319,19
Bixi_MTL,America/Montreal,778,Bixi_MTL,8106,45.4380555038,-73.6727392673,19
Bixi_MTL,America/Montreal,777,Bixi_MTL,8151,45.5794056904,-73.6025887728,15
Bixi_MTL,America/Montreal,776,Bixi_MTL,8128,45.5939850349,-73.6376720667,21
Bixi_MTL,America/Montreal,775,Bixi_MTL,8150,45.5904902,-73.5902694,19
Bixi_MTL,America/Montreal,774,Bixi_MTL,8141,45.579346,-73.570601,15
Bixi_MTL,America/Montreal,773,Bixi_MTL,8152,45.5864002,-73.5952181,19
Bixi_MTL,America/Montreal,772,Bixi_MTL,8162,45.5616903,-73.610512,15
Bixi_MTL,America/Montreal,771,Bixi_MTL,8149,45.5200557245,-73.67795147,15
Bixi_MTL,America/Montreal,770,Bixi_MTL,8147,45.5259138182,-73.6891114712,19
Bixi_MTL,America/Montreal,769,Bixi_MTL,8146,45.5040376698,-73.7044429779,23
Bixi_MTL,America/Montreal,768,Bixi_MTL,8129,45.6062348,-73.6287838,19
Bixi_MTL,America/Montreal,762,Bixi_MTL,8022,45.5147342942,-73.6914490163,15
Bixi_MTL,America/Montreal,761,Bixi_MTL,8079,45.5508197921,-73.6208868027,15
Bixi_MTL,America/Montreal,760,Bixi_MTL,8069,45.5061758415,-73.7111860514,19
Bixi_MTL,America/Montreal,759,Bixi_MTL,8014,45.5953039718,-73.5509562492,3
Bixi_MTL,America/Montreal,758,Bixi_MTL,8049,45.5832878788,-73.6327636242,15
Bixi_MTL,America/Montreal,757,Bixi_MTL,8075,45.528000166,-73.6192358493,15
Bixi_MTL,America/Montreal,756,Bixi_MTL,8074,45.5039816855,-73.6228394508,26
Bixi_MTL,America/Montreal,755,Bixi_MTL,8078,45.5575131995,-73.6017948389,15
Bixi_MTL,America/Montreal,754,Bixi_MTL,8024,45.4452719288,-73.624483645,15
Bixi_MTL,America/Montreal,753,Bixi_MTL,8067,45.5303174,-73.5548669,15
Bixi_MTL,America/Montreal,752,Bixi_MTL,8036,45.5394606397,-73.5760563612,17
Bixi_MTL,America/Montreal,751,Bixi_MTL,8054,45.5393239926,-73.5958784447,19
Bixi_MTL,America/Montreal,750,Bixi_MTL,8055,45.5545638282,-73.5961568356,19
Bixi_MTL,America/Montreal,749,Bixi_MTL,8033,45.5316340374,-73.5682457685,19
Bixi_MTL,America/Montreal,748,Bixi_MTL,8034,45.5375266425,-73.5751244333,11
Bixi_MTL,America/Montreal,747,Bixi_MTL,8039,45.477605,-73.573775,19
Bixi_MTL,America/Montreal,746,Bixi_MTL,8038,45.4751932626,-73.580943346,19
Bixi_MTL,America/Montreal,745,Bixi_MTL,8026,45.4433505664,-73.716904521,19
Bixi_MTL,America/Montreal,744,Bixi_MTL,8031,45.4297109645,-73.6338834465,15
Bixi_MTL,America/Montreal,742,Bixi_MTL,8032,45.5251551804,-73.5856359406,15
Bixi_MTL,America/Montreal,741,Bixi_MTL,8035,45.5338506598,-73.5789115727,15
Bixi_MTL,America/Montreal,740,Bixi_MTL,8071,45.5169262103,-73.5642573237,15
Bixi_MTL,America/Montreal,739,Bixi_MTL,8046,45.5880821706,-73.6322230786,15
Bixi_MTL,America/Montreal,738,Bixi_MTL,8073,45.5648112924,-73.5958041251,19
Bixi_MTL,America/Montreal,737,Bixi_MTL,8048,45.6145192482,-73.6122447252,15
Bixi_MTL,America/Montreal,736,Bixi_MTL,8023,45.490628,-73.628878,11
Bixi_MTL,America/Montreal,735,Bixi_MTL,8051,45.5157750539,-73.6006093025,15
Bixi_MTL,America/Montreal,734,Bixi_MTL,8016,45.604607,-73.547019,3
Bixi_MTL,America/Montreal,733,Bixi_MTL,8070,45.4953717154,-73.5685890913,15
Bixi_MTL,America/Montreal,732,Bixi_MTL,8030,45.438544051,-73.6202162504,15
Bixi_MTL,America/Montreal,731,Bixi_MTL,8058,45.5883029657,-73.5778372144,15
Bixi_MTL,America/Montreal,730,Bixi_MTL,8028,45.4403470127,-73.7023133039,15
Bixi_MTL,America/Montreal,729,Bixi_MTL,8063,45.521894275,-73.5572505893,19
Bixi_MTL,America/Montreal,728,Bixi_MTL,8047,45.5983685719,-73.6361002922,15
Bixi_MTL,America/Montreal,727,Bixi_MTL,8061,45.5716273652,-73.5920476913,15
Bixi_MTL,America/Montreal,726,Bixi_MTL,8041,45.4529079277,-73.5891859141,19
Bixi_MTL,America/Montreal,725,Bixi_MTL,8037,45.4597530566,-73.5964214355,15
Bixi_MTL,America/Montreal,724,Bixi_MTL,8043,45.5717982258,-73.5415497422,15
Bixi_MTL,America/Montreal,723,Bixi_MTL,8060,45.4970756249,-73.6186310649,19
Bixi_MTL,America/Montreal,722,Bixi_MTL,8027,45.4397786531,-73.681370616,15
Bixi_MTL,America/Montreal,721,Bixi_MTL,8025,45.4374599878,-73.6935317516,15
Bixi_MTL,America/Montreal,720,Bixi_MTL,8062,45.4250596662,-73.6495991796,19
Bixi_MTL,America/Montreal,719,Bixi_MTL,8029,45.4328943664,-73.5968528688,15
Bixi_MTL,America/Montreal,718,Bixi_MTL,8053,45.5415485046,-73.5650123656,15
Bixi_MTL,America/Montreal,717,Bixi_MTL,8068,45.5129938566,-73.6824984848,25
Bixi_MTL,America/Montreal,716,Bixi_MTL,8059,45.5223414982,-73.721678853,11
Bixi_MTL,America/Montreal,715,Bixi_MTL,8057,45.5003388253,-73.6826205254,15
Bixi_MTL,America/Montreal,713,Bixi_MTL,8077,45.5668693454,-73.6410167813,15
Bixi_MTL,America/Montreal,712,Bixi_MTL,8076,45.5481363889,-73.6243401468,15
Bixi_MTL,America/Montreal,711,Bixi_MTL,8021,45.4597610757,-73.6447745562,19
Bixi_MTL,America/Montreal,710,Bixi_MTL,8066,45.4479158122,-73.5838186741,19
Bixi_MTL,America/Montreal,709,Bixi_MTL,8072,45.5692509594,-73.6364262343,15
Bixi_MTL,America/Montreal,708,Bixi_MTL,8064,45.472561003,-73.5699892044,19
Bixi_MTL,America/Montreal,707,Bixi_MTL,8065,45.4391446526,-73.5917365551,15
Bixi_MTL,America/Montreal,706,Bixi_MTL,8020,45.4827424589,-73.6349791288,15
Bixi_MTL,America/Montreal,705,Bixi_MTL,8042,45.6059017319,-73.5343694687,15
Bixi_MTL,America/Montreal,704,Bixi_MTL,8045,45.6046208377,-73.5159963369,15
Bixi_MTL,America/Montreal,703,Bixi_MTL,8019,45.4718819936,-73.6400216818,23
Bixi_MTL,America/Montreal,702,Bixi_MTL,8018,45.4690264732,-73.6095370352,15
Bixi_MTL,America/Montreal,701,Bixi_MTL,8013,45.5460355901,-73.6465984583,19
Bixi_MTL,America/Montreal,700,Bixi_MTL,8011,45.5783318462,-73.6559540033,19
Bixi_MTL,America/Montreal,699,Bixi_MTL,8010,45.526765,-73.730423,19
Bixi_MTL,America/Montreal,698,Bixi_MTL,8044,45.5409997166,-73.5582625866,15
Bixi_MTL,America/Montreal,697,Bixi_MTL,8040,45.470366,-73.589816,27
Bixi_MTL,America/Montreal,696,Bixi_MTL,8017,45.4904944218,-73.6385223269,15
Bixi_MTL,America/Montreal,695,Bixi_MTL,8015,45.5169478236,-73.6263155937,15
Bixi_MTL,America/Montreal,694,Bixi_MTL,8012,45.5319435901,-73.7136054039,13
Bixi_MTL,America/Montreal,693,Bixi_MTL,8052,45.6174997831,-73.6060112715,11
Bixi_MTL,America/Montreal,692,Bixi_MTL,8056,45.5297264228,-73.6017841101,21
Bixi_MTL,America/Montreal,688,Bixi_MTL,8082,0.0,0.0,1
Bixi_MTL,America/Montreal,687,Bixi_MTL,8081,45.552337428,-73.7074899673,15
Bixi_MTL,America/Montreal,686,Bixi_MTL,8080,45.5594955029,-73.6989176273,15
Bixi_MTL,America/Montreal,685,Bixi_MTL,7153,45.5684396189,-73.6752020941,19
Bixi_MTL,America/Montreal,684,Bixi_MTL,7152,45.5626682483,-73.6923623085,27
Bixi_MTL,America/Montreal,683,Bixi_MTL,7151,45.5707266093,-73.7370860205,19
Bixi_MTL,America/Montreal,682,Bixi_MTL,7150,45.5518864439,-73.7444400787,15
Bixi_MTL,America/Montreal,681,Bixi_MTL,6437,45.4818401936,-73.5953789949,15
Bixi_MTL,America/Montreal,676,Bixi_MTL,7149,45.562440084,-73.5953333974,11
Bixi_MTL,America/Montreal,675,Bixi_MTL,7148,45.5598836769,-73.6335682869,35
Bixi_MTL,America/Montreal,674,Bixi_MTL,7147,45.5357088162,-73.6196234822,23
Bixi_MTL,America/Montreal,673,Bixi_MTL,7146,45.4922590581,-73.5694152117,23
Bixi_MTL,America/Montreal,672,Bixi_MTL,7145,45.4533187655,-73.5767751932,15
Bixi_MTL,America/Montreal,671,Bixi_MTL,7144,45.4649220707,-73.5667260827,15
Bixi_MTL,America/Montreal,670,Bixi_MTL,7143,45.4469344848,-73.5721993446,27
Bixi_MTL,America/Montreal,669,Bixi_MTL,7142,45.4568231875,-73.5468041897,14
Bixi_MTL,America/Montreal,668,Bixi_MTL,7141,45.4788885281,-73.5819894075,19
Bixi_MTL,America/Montreal,667,Bixi_MTL,7140,45.4891857161,-73.5719002783,55
Bixi_MTL,America/Montreal,666,Bixi_MTL,7139,45.5091899863,-73.6603206396,15
Bixi_MTL,America/Montreal,665,Bixi_MTL,7138,45.5877779669,-73.5693535209,15
Bixi_MTL,America/Montreal,664,Bixi_MTL,7137,45.5793493704,-73.5816809535,22
Bixi_MTL,America/Montreal,663,Bixi_MTL,7136,45.506843159,-73.6817568541,27
Bixi_MTL,America/Montreal,662,Bixi_MTL,7135,45.5225248411,-73.6914396286,23
Bixi_MTL,America/Montreal,661,Bixi_MTL,7134,45.4899792166,-73.589322567,23
Bixi_MTL,America/Montreal,660,Bixi_MTL,7133,45.5089785221,-73.6985635757,27
Bixi_MTL,America/Montreal,659,Bixi_MTL,7132,45.4804670644,-73.611223083,15
Bixi_MTL,America/Montreal,658,Bixi_MTL,7131,45.5196217625,-73.6662483215,27
Bixi_MTL,America/Montreal,657,Bixi_MTL,7130,45.5084390498,-73.6729645729,17
Bixi_MTL,America/Montreal,656,Bixi_MTL,7129,45.5125592087,-73.6770106852,31
Bixi_MTL,America/Montreal,655,Bixi_MTL,7128,45.519539483,-73.6851632595,23
Bixi_MTL,America/Montreal,654,Bixi_MTL,7127,45.527650098,-73.6122997105,15
Bixi_MTL,America/Montreal,653,Bixi_MTL,7126,45.5717897767,-73.5643149912,19
Bixi_MTL,America/Montreal,652,Bixi_MTL,7125,45.5683302167,-73.5666632652,23
Bixi_MTL,America/Montreal,651,Bixi_MTL,7124,45.5167826988,-73.6114226282,27
Bixi_MTL,America/Montreal,650,Bixi_MTL,7123,45.5908919099,-73.6406171322,27
Bixi_MTL,America/Montreal,649,Bixi_MTL,7122,45.5811600298,-73.641243428,23
Bixi_MTL,America/Montreal,648,Bixi_MTL,7121,45.5958745749,-73.5235279799,23
Bixi_MTL,America/Montreal,647,Bixi_MTL,7120,45.5581596605,-73.548400104,19
Bixi_MTL,America/Montreal,646,Bixi_MTL,7119,45.6096262783,-73.5227389808,27
Bixi_MTL,America/Montreal,645,Bixi_MTL,7118,45.6019133216,-73.5244184732,19
Bixi_MTL,America/Montreal,644,Bixi_MTL,7117,45.5925961528,-73.5661751032,27
Bixi_MTL,America/Montreal,643,Bixi_MTL,7116,45.5967964775,-73.5351794958,23
Bixi_MTL,America/Montreal,642,Bixi_MTL,7115,45.5891750042,-73.5396561027,15
Bixi_MTL,America/Montreal,641,Bixi_MTL,7114,45.4927606108,-73.5564105213,19
Bixi_MTL,America/Montreal,640,Bixi_MTL,7113,45.5252675475,-73.5952373742,15
Bixi_MTL,America/Montreal,639,Bixi_MTL,7112,45.4440430924,-73.6137521267,19
Bixi_MTL,America/Montreal,638,Bixi_MTL,7111,45.4261235204,-73.6574158072,27
Bixi_MTL,America/Montreal,637,Bixi_MTL,7110,45.4163102385,-73.612915948,31
Bixi_MTL,America/Montreal,636,Bixi_MTL,7109,45.4356757551,-73.6054748297,22
Bixi_MTL,America/Montreal,635,Bixi_MTL,7108,45.4224514072,-73.6011940241,31
Bixi_MTL,America/Montreal,634,Bixi_MTL,7107,45.4335564538,-73.6840433569,19
Bixi_MTL,America/Montreal,633,Bixi_MTL,7106,45.4357935059,-73.680190444,15
Bixi_MTL,America/Montreal,632,Bixi_MTL,7105,45.4328398407,-73.6934915185,27
Bixi_MTL,America/Montreal,631,Bixi_MTL,7104,45.4349871554,-73.6707986891,23
Bixi_MTL,America/Montreal,630,Bixi_MTL,7103,45.4316481129,-73.6711245775,31
Bixi_MTL,America/Montreal,629,Bixi_MTL,7102,45.5140806966,-73.6469498277,23
Bixi_MTL,America/Montreal,628,Bixi_MTL,7101,45.500450948,-73.6614283919,23
Bixi_MTL,America/Montreal,627,Bixi_MTL,7100,45.4940443211,-73.6544948816,19
Bixi_MTL,America/Montreal,626,Bixi_MTL,7098,45.5953063178,-73.5586059093,19
Bixi_MTL,America/Montreal,625,Bixi_MTL,7099,45.4757643123,-73.6069771886,15
Bixi_MTL,America/Montreal,624,Bixi_MTL,7097,45.5972211493,-73.5627901554,23
Bixi_MTL,America/Montreal,623,Bixi_MTL,7096,45.5383076546,-73.6548838019,30
Bixi_MTL,America/Montreal,622,Bixi_MTL,7095,45.5406855173,-73.6533764005,15
Bixi_MTL,America/Montreal,621,Bixi_MTL,7094,45.5330803241,-73.6945965886,19
Bixi_MTL,America/Montreal,620,Bixi_MTL,7093,45.5398065482,-73.6872661114,23
Bixi_MTL,America/Montreal,619,Bixi_MTL,7092,45.5397255311,-73.6771649122,31
Bixi_MTL,America/Montreal,618,Bixi_MTL,7091,45.5760003416,-73.6467647552,23
Bixi_MTL,America/Montreal,617,Bixi_MTL,7090,45.5705063565,-73.6517804861,31
Bixi_MTL,America/Montreal,614,Bixi_MTL,7089,45.6495458845,-73.4919154644,23
Bixi_MTL,America/Montreal,613,Bixi_MTL,7088,45.6514058392,-73.5004127026,19
Bixi_MTL,America/Montreal,612,Bixi_MTL,7087,45.6414153575,-73.499956727,19
Bixi_MTL,America/Montreal,611,Bixi_MTL,7086,0.0,0.0,3
Bixi_MTL,America/Montreal,610,Bixi_MTL,7085,45.500186136,-73.571177423,31
Bixi_MTL,America/Montreal,609,Bixi_MTL,7083,45.5156042578,-73.5721349716,19
Bixi_MTL,America/Montreal,608,Bixi_MTL,7084,45.5028128165,-73.5760241747,23
Bixi_MTL,America/Montreal,607,Bixi_MTL,7082,45.4836284926,-73.5797025565,19
Bixi_MTL,America/Montreal,606,Bixi_MTL,4002,45.5169365471,-73.6404830217,19
Bixi_MTL,America/Montreal,605,Bixi_MTL,4001,45.5202224107,-73.6298561096,23
Bixi_MTL,America/Montreal,595,Bixi_MTL,4000,45.5495976789,-73.5418742895,19
Bixi_MTL,America/Montreal,594,Bixi_MTL,7081,45.5156698041,-73.5610091686,27
Bixi_MTL,America/Montreal,593,Bixi_MTL,7080,45.5051022425,-73.5718788207,23
Bixi_MTL,America/Montreal,592,Bixi_MTL,7079,45.5002782549,-73.5598772764,19
Bixi_MTL,America/Montreal,591,Bixi_MTL,7078,45.5344529469,-73.5596519709,23
Bixi_MTL,America/Montreal,590,Bixi_MTL,7077,45.526499983,-73.5457527742,27
Bixi_MTL,America/Montreal,589,Bixi_MTL,7076,45.4912296153,-73.5807824135,19
Bixi_MTL,America/Montreal,588,Bixi_MTL,7075,45.5871920108,-73.5313922167,31
Bixi_MTL,America/Montreal,587,Bixi_MTL,7074,45.5181280865,-73.5618513823,15
Bixi_MTL,America/Montreal,586,Bixi_MTL,7073,45.5231943286,-73.5558425635,19
Bixi_MTL,America/Montreal,585,Bixi_MTL,7072,45.5230349331,-73.5653945804,27
Bixi_MTL,America/Montreal,584,Bixi_MTL,7071,45.4957891048,-73.5825955868,19
Bixi_MTL,America/Montreal,583,Bixi_MTL,7070,45.4799304207,-73.5559210181,23
Bixi_MTL,America/Montreal,582,Bixi_MTL,7069,45.5063713381,-73.5642009974,66
Bixi_MTL,America/Montreal,581,Bixi_MTL,7068,45.4875215851,-73.5650029778,31
Bixi_MTL,America/Montreal,580,Bixi_MTL,7067,45.5062510326,-73.5713906586,31
Bixi_MTL,America/Montreal,579,Bixi_MTL,7066,45.5070781281,-73.5613954067,39
Bixi_MTL,America/Montreal,578,Bixi_MTL,7065,45.5436508505,-73.6056505144,23
Bixi_MTL,America/Montreal,577,Bixi_MTL,7064,45.539983846,-73.6381347477,23
Bixi_MTL,America/Montreal,576,Bixi_MTL,7063,45.5419546324,-73.6299419403,19
Bixi_MTL,America/Montreal,575,Bixi_MTL,7062,45.49716534,-73.5593301058,21
Bixi_MTL,America/Montreal,574,Bixi_MTL,7061,45.5404319022,-73.6165067554,15
Bixi_MTL,America/Montreal,573,Bixi_MTL,7060,45.4630010873,-73.5715689522,19
Bixi_MTL,America/Montreal,572,Bixi_MTL,7059,45.4530158362,-73.5719150305,23
Bixi_MTL,America/Montreal,571,Bixi_MTL,7058,45.4610779901,-73.5673069954,15
Bixi_MTL,America/Montreal,570,Bixi_MTL,7057,45.4578347461,-73.56757586,19
Bixi_MTL,America/Montreal,569,Bixi_MTL,7056,45.4482620482,-73.5778561234,15
Bixi_MTL,America/Montreal,568,Bixi_MTL,7055,45.4802641772,-73.5809936374,27
Bixi_MTL,America/Montreal,567,Bixi_MTL,7054,45.4676656539,-73.5939178432,35
Bixi_MTL,America/Montreal,566,Bixi_MTL,7053,45.4809140677,-73.5684603453,23
Bixi_MTL,America/Montreal,565,Bixi_MTL,7052,45.482825099,-73.5620632535,15
Bixi_MTL,America/Montreal,564,Bixi_MTL,7051,45.4500203238,-73.6003062129,19
Bixi_MTL,America/Montreal,563,Bixi_MTL,7050,45.4897272532,-73.5640628636,15
Bixi_MTL,America/Montreal,562,Bixi_MTL,7049,45.5018634634,-73.5439610481,35
Bixi_MTL,America/Montreal,561,Bixi_MTL,7048,45.4470591511,-73.6022950709,27
Bixi_MTL,America/Montreal,560,Bixi_MTL,7047,45.4924574234,-73.5606645048,31
Bixi_MTL,America/Montreal,559,Bixi_MTL,7046,45.5023860796,-73.5733379424,15
Bixi_MTL,America/Montreal,558,Bixi_MTL,7045,45.534727256,-73.6147928238,15
Bixi_MTL,America/Montreal,557,Bixi_MTL,7044,45.5649367933,-73.5555911064,23
Bixi_MTL,America/Montreal,556,Bixi_MTL,7043,45.549713734,-73.5638482869,23
Bixi_MTL,America/Montreal,555,Bixi_MTL,7041,45.470535001,-73.631657213,31
Bixi_MTL,America/Montreal,554,Bixi_MTL,7040,45.5295474485,-73.6107185483,15
Bixi_MTL,America/Montreal,553,Bixi_MTL,7039,45.5437631511,-73.5677200556,23
Bixi_MTL,America/Montreal,552,Bixi_MTL,7038,45.5141079496,-73.5752302408,19
Bixi_MTL,America/Montreal,551,Bixi_MTL,7037,45.5078435478,-73.5720960796,23
Bixi_MTL,America/Montreal,550,Bixi_MTL,7036,45.5198946758,-73.5968273878,15
Bixi_MTL,America/Montreal,549,Bixi_MTL,7035,45.5392237446,-73.5738367966,15
Bixi_MTL,America/Montreal,547,Bixi_MTL,7033,45.5085668695,-73.5776978731,19
Bixi_MTL,America/Montreal,546,Bixi_MTL,7032,45.5262518761,-73.5897583893,27
Bixi_MTL,America/Montreal,545,Bixi_MTL,7031,45.5228776802,-73.5774806142,15
Bixi_MTL,America/Montreal,544,Bixi_MTL,7030,45.5334091272,-73.5706570745,11
Bixi_MTL,America/Montreal,543,Bixi_MTL,7029,45.5380207403,-73.5835236311,19
Bixi_MTL,America/Montreal,542,Bixi_MTL,7028,45.5271165923,-73.5977358522,19
Bixi_MTL,America/Montreal,541,Bixi_MTL,7027,45.5365054186,-73.5680392385,15
Bixi_MTL,America/Montreal,540,Bixi_MTL,7026,45.5270410961,-73.5934705666,19
Bixi_MTL,America/Montreal,539,Bixi_MTL,7025,45.5279333202,-73.6012225134,23
Bixi_MTL,America/Montreal,538,Bixi_MTL,7042,45.5323306459,-73.6201867461,15
Bixi_MTL,America/Montreal,537,Bixi_MTL,7024,45.5272310656,-73.5867261887,18
Bixi_MTL,America/Montreal,536,Bixi_MTL,7023,45.5333709,-73.6424103,15
Bixi_MTL,America/Montreal,535,Bixi_MTL,7022,45.522225286,-73.6066871881,15
Bixi_MTL,America/Montreal,534,Bixi_MTL,7021,45.5191528677,-73.6164692044,19
Bixi_MTL,America/Montreal,533,Bixi_MTL,7020,45.5436524662,-73.5534825683,15
Bixi_MTL,America/Montreal,532,Bixi_MTL,7019,45.5275129263,-73.5987907648,23
Bixi_MTL,America/Montreal,531,Bixi_MTL,7018,45.5452297304,-73.5372501612,23
Bixi_MTL,America/Montreal,530,Bixi_MTL,7017,45.5548617216,-73.5327172279,19
Bixi_MTL,America/Montreal,529,Bixi_MTL,7016,45.5828466319,-73.5424764454,19
Bixi_MTL,America/Montreal,528,Bixi_MTL,7015,45.4294714374,-73.5930991592,22
Bixi_MTL,America/Montreal,527,Bixi_MTL,7014,45.5036399626,-73.6182689667,26
Bixi_MTL,America/Montreal,526,Bixi_MTL,7013,45.4648769982,-73.6265972257,19
Bixi_MTL,America/Montreal,525,Bixi_MTL,7012,45.5149463569,-73.5562329055,19
Bixi_MTL,America/Montreal,524,Bixi_MTL,7011,45.5199566933,-73.5548166186,23
Bixi_MTL,America/Montreal,523,Bixi_MTL,7010,45.4818450714,-73.630373776,23
Bixi_MTL,America/Montreal,522,Bixi_MTL,7009,45.5159013445,-73.559948355,19
Bixi_MTL,America/Montreal,521,Bixi_MTL,7008,45.5476247342,-73.6120247841,11
Bixi_MTL,America/Montreal,520,Bixi_MTL,7007,45.5129332411,-73.633890152,27
Bixi_MTL,America/Montreal,519,Bixi_MTL,7006,45.5476576061,-73.665561676,19
Bixi_MTL,America/Montreal,518,Bixi_MTL,7005,45.5673520574,-73.653787449,15
Bixi_MTL,America/Montreal,517,Bixi_MTL,7004,45.5498332129,-73.6406325549,31
Bixi_MTL,America/Montreal,516,Bixi_MTL,7003,45.4949814822,-73.5777327418,31
Bixi_MTL,America/Montreal,515,Bixi_MTL,7002,45.5440791531,-73.667357415,19
Bixi_MTL,America/Montreal,514,Bixi_MTL,7001,45.53111686,-73.6322325468,15
Bixi_MTL,America/Montreal,512,Bixi_MTL,6754,45.4575968246,-73.5905285958,23
Bixi_MTL,America/Montreal,511,Bixi_MTL,6753,45.5741470372,-73.5746213794,23
Bixi_MTL,America/Montreal,508,Bixi_MTL,6752,45.5260585102,-73.6129689217,26
Bixi_MTL,America/Montreal,505,Bixi_MTL,6750,45.5287235604,-73.5838589072,19
Bixi_MTL,America/Montreal,504,Bixi_MTL,6749,45.5064211521,-73.5564655066,15
Bixi_MTL,America/Montreal,503,Bixi_MTL,6748,45.4928253095,-73.5579782724,27
Bixi_MTL,America/Montreal,502,Bixi_MTL,6747,45.5305052597,-73.6147083342,19
Bixi_MTL,America/Montreal,501,Bixi_MTL,6746,45.523574794,-73.6234429479,21
Bixi_MTL,America/Montreal,500,Bixi_MTL,6745,45.5274603124,-73.6241751909,19
Bixi_MTL,America/Montreal,499,Bixi_MTL,6744,45.4567028285,-73.5976426864,15
Bixi_MTL,America/Montreal,498,Bixi_MTL,6743,45.494514,-73.583368,15
Bixi_MTL,America/Montreal,497,Bixi_MTL,6742,45.4633972916,-73.5964357853,17
Bixi_MTL,America/Montreal,496,Bixi_MTL,6741,45.486318644,-73.5702332854,23
Bixi_MTL,America/Montreal,495,Bixi_MTL,6739,45.5803145464,-73.5353136063,19
Bixi_MTL,America/Montreal,493,Bixi_MTL,6738,45.5023503614,-73.566582799,27
Bixi_MTL,America/Montreal,492,Bixi_MTL,6735,45.561059283,-73.6039674282,15
Bixi_MTL,America/Montreal,491,Bixi_MTL,6737,45.552123,-73.630103,19
Bixi_MTL,America/Montreal,490,Bixi_MTL,6736,45.556751033,-73.6671616137,16
Bixi_MTL,America/Montreal,489,Bixi_MTL,6734,45.5421817351,-73.6226865649,15
Bixi_MTL,America/Montreal,487,Bixi_MTL,6731,45.5636787303,-73.5716045373,19
Bixi_MTL,America/Montreal,486,Bixi_MTL,6732,45.477923,-73.559038,27
Bixi_MTL,America/Montreal,485,Bixi_MTL,6733,45.54716975,-73.6180409789,23
Bixi_MTL,America/Montreal,484,Bixi_MTL,6730,45.570081,-73.573047,31
Bixi_MTL,America/Montreal,483,Bixi_MTL,6729,45.5164265458,-73.5581123829,15
Bixi_MTL,America/Montreal,482,Bixi_MTL,6728,45.5268702819,-73.6267232895,19
Bixi_MTL,America/Montreal,481,Bixi_MTL,6727,45.4849801648,-73.560333252,31
Bixi_MTL,America/Montreal,480,Bixi_MTL,6726,45.5607619284,-73.6505614221,27
Bixi_MTL,America/Montreal,479,Bixi_MTL,6725,45.4510309193,-73.5939010978,15
Bixi_MTL,America/Montreal,478,Bixi_MTL,6724,45.4716370615,-73.5825848579,34
Bixi_MTL,America/Montreal,477,Bixi_MTL,6723,45.5648558906,-73.5774926841,15
Bixi_MTL,America/Montreal,476,Bixi_MTL,6722,45.5750535875,-73.5389322415,23
Bixi_MTL,America/Montreal,475,Bixi_MTL,6721,45.5769632283,-73.5468363762,19
Bixi_MTL,America/Montreal,474,Bixi_MTL,6720,45.5594818,-73.535496,19
Bixi_MTL,America/Montreal,473,Bixi_MTL,6719,45.4607293635,-73.6340725422,15
Bixi_MTL,America/Montreal,472,Bixi_MTL,6718,45.466569,-73.623295,19
Bixi_MTL,America/Montreal,471,Bixi_MTL,6717,45.4945640329,-73.638702035,19
Bixi_MTL,America/Montreal,470,Bixi_MTL,6716,45.5638723746,-73.6555677652,19
Bixi_MTL,America/Montreal,469,Bixi_MTL,6715,45.444547015,-73.575090766,27
Bixi_MTL,America/Montreal,468,Bixi_MTL,6714,45.4157471676,-73.6375164986,31
Bixi_MTL,America/Montreal,467,Bixi_MTL,6713,45.5677656517,-73.5796880722,15
Bixi_MTL,America/Montreal,466,Bixi_MTL,6712,45.4379138007,-73.5827404261,15
Bixi_MTL,America/Montreal,465,Bixi_MTL,6711,45.5315236503,-73.6170123518,15
Bixi_MTL,America/Montreal,464,Bixi_MTL,6710,45.5598281198,-73.6583250761,15
Bixi_MTL,America/Montreal,463,Bixi_MTL,6709,45.4617650074,-73.5842116177,23
Bixi_MTL,America/Montreal,462,Bixi_MTL,6708,45.5070964557,-73.5684415698,18
Bixi_MTL,America/Montreal,461,Bixi_MTL,6707,45.4560854578,-73.5819371045,19
Bixi_MTL,America/Montreal,460,Bixi_MTL,6706,45.450729977,-73.5725748539,23
Bixi_MTL,America/Montreal,459,Bixi_MTL,6705,45.456365,-73.57614,15
Bixi_MTL,America/Montreal,458,Bixi_MTL,6704,45.5617503626,-73.585883975,27
Bixi_MTL,America/Montreal,457,Bixi_MTL,6703,45.554946972,-73.5552947223,24
Bixi_MTL,America/Montreal,456,Bixi_MTL,6702,45.569789,-73.548081,27
Bixi_MTL,America/Montreal,455,Bixi_MTL,6701,45.5010411086,-73.5771775246,31
Bixi_MTL,America/Montreal,454,Bixi_MTL,6700,45.5507835789,-73.5340999604,19
Bixi_MTL,America/Montreal,453,Bixi_MTL,6930,45.5598423612,-73.6154472828,34
Bixi_MTL,America/Montreal,452,Bixi_MTL,6929,45.5314746415,-73.5924205184,19
Bixi_MTL,America/Montreal,448,Bixi_MTL,5007,45.523318694,-73.5201269388,35
Bixi_MTL,America/Montreal,447,Bixi_MTL,5006,45.5372260381,-73.49506706,19
Bixi_MTL,America/Montreal,446,Bixi_MTL,5005,45.5366558763,-73.5122327508,23
Bixi_MTL,America/Montreal,445,Bixi_MTL,5004,45.539824,-73.508752,11
Bixi_MTL,America/Montreal,444,Bixi_MTL,5003,45.5284104375,-73.5171657801,15
Bixi_MTL,America/Montreal,443,Bixi_MTL,5002,45.5336819932,-73.5152607411,15
Bixi_MTL,America/Montreal,442,Bixi_MTL,6436,45.486241017,-73.5957276821,19
Bixi_MTL,America/Montreal,441,Bixi_MTL,6435,45.4812914696,-73.6003303528,15
Bixi_MTL,America/Montreal,440,Bixi_MTL,6434,45.4774285648,-73.6001694202,15
Bixi_MTL,America/Montreal,439,Bixi_MTL,6433,45.4828260262,-73.5908433795,15
Bixi_MTL,America/Montreal,438,Bixi_MTL,6432,45.48697062,-73.58929306,19
Bixi_MTL,America/Montreal,437,Bixi_MTL,6281,45.5280879176,-73.5858625174,15
Bixi_MTL,America/Montreal,433,Bixi_MTL,6428,45.4599857764,-73.5439556837,23
Bixi_MTL,America/Montreal,432,Bixi_MTL,6411,45.5133025721,-73.572961092,31
Bixi_MTL,America/Montreal,431,Bixi_MTL,6429,45.46714,-73.54259,33
Bixi_MTL,America/Montreal,430,Bixi_MTL,6427,45.470696426,-73.5654224083,23
Bixi_MTL,America/Montreal,429,Bixi_MTL,6426,45.4594876945,-73.5720920563,27
Bixi_MTL,America/Montreal,428,Bixi_MTL,6425,45.4628460463,-73.5659216344,15
Bixi_MTL,America/Montreal,427,Bixi_MTL,6414,45.4801337858,-73.5859081149,15
Bixi_MTL,America/Montreal,426,Bixi_MTL,6413,45.5032151118,-73.5699784756,27
Bixi_MTL,America/Montreal,425,Bixi_MTL,6412,45.553262,-73.638615,28
Bixi_MTL,America/Montreal,424,Bixi_MTL,6410,45.5464075215,-73.6384284496,15
Bixi_MTL,America/Montreal,423,Bixi_MTL,6422,45.5570222316,-73.6599015713,15
Bixi_MTL,America/Montreal,422,Bixi_MTL,6420,45.4854241489,-73.6281619594,27
Bixi_MTL,America/Montreal,421,Bixi_MTL,6423,45.496302,-73.629822,19
Bixi_MTL,America/Montreal,419,Bixi_MTL,6419,45.491513,-73.633649,23
Bixi_MTL,America/Montreal,418,Bixi_MTL,6416,45.4773533352,-73.6153721809,15
Bixi_MTL,America/Montreal,417,Bixi_MTL,6421,45.5412472237,-73.5910445452,19
Bixi_MTL,America/Montreal,415,Bixi_MTL,6418,45.4981002607,-73.6529418826,15
Bixi_MTL,America/Montreal,414,Bixi_MTL,6417,45.5541523037,-73.5474935174,15
Bixi_MTL,America/Montreal,413,Bixi_MTL,6415,45.4698197874,-73.6169613898,15
Bixi_MTL,America/Montreal,409,Bixi_MTL,6504,45.5215653671,-73.5353323817,23
Bixi_MTL,America/Montreal,408,Bixi_MTL,6503,45.5303513017,-73.6243924499,33
Bixi_MTL,America/Montreal,407,Bixi_MTL,6502,45.5063732,-73.52457672,19
Bixi_MTL,America/Montreal,404,Bixi_MTL,6218,45.5125874022,-73.5737389326,27
Bixi_MTL,America/Montreal,403,Bixi_MTL,6066,45.5231143299,-73.6181536317,23
Bixi_MTL,America/Montreal,401,Bixi_MTL,6021,45.5145247303,-73.5683557391,27
Bixi_MTL,America/Montreal,399,Bixi_MTL,6409,45.4862193918,-73.5737469792,27
Bixi_MTL,America/Montreal,397,Bixi_MTL,6344,45.5352039824,-73.617521757,35
Bixi_MTL,America/Montreal,396,Bixi_MTL,6321,45.5361348895,-73.622584641,39
Bixi_MTL,America/Montreal,394,Bixi_MTL,6306,45.5102003043,-73.6114051938,19
Bixi_MTL,America/Montreal,393,Bixi_MTL,6305,45.514379,-73.610871,15
Bixi_MTL,America/Montreal,392,Bixi_MTL,6304,45.515617,-73.614991,15
Bixi_MTL,America/Montreal,391,Bixi_MTL,6303,45.514947675,-73.6196261644,15
Bixi_MTL,America/Montreal,390,Bixi_MTL,6302,45.5207958412,-73.6032706976,11
Bixi_MTL,America/Montreal,389,Bixi_MTL,6301,45.5183094464,-73.6032861471,15
Bixi_MTL,America/Montreal,388,Bixi_MTL,6396,45.5552411071,-73.5508221388,31
Bixi_MTL,America/Montreal,387,Bixi_MTL,6384,45.5461147197,-73.5570931435,23
Bixi_MTL,America/Montreal,385,Bixi_MTL,6381,45.5457759529,-73.5621745884,19
Bixi_MTL,America/Montreal,384,Bixi_MTL,6380,45.551584,-73.561916,23
Bixi_MTL,America/Montreal,383,Bixi_MTL,6379,45.4632535359,-73.5758793354,15
Bixi_MTL,America/Montreal,381,Bixi_MTL,6377,45.47968,-73.56385,27
Bixi_MTL,America/Montreal,380,Bixi_MTL,6376,45.5529361128,-73.5657714307,23
Bixi_MTL,America/Montreal,379,Bixi_MTL,6375,45.4772931515,-73.5873216391,23
Bixi_MTL,America/Montreal,378,Bixi_MTL,6374,45.5538980157,-73.5713866353,23
Bixi_MTL,America/Montreal,377,Bixi_MTL,6373,45.5471081734,-73.5693669319,27
Bixi_MTL,America/Montreal,376,Bixi_MTL,6372,45.5451997,-73.57645065,38
Bixi_MTL,America/Montreal,375,Bixi_MTL,6371,45.5475571119,-73.5754072666,27
Bixi_MTL,America/Montreal,374,Bixi_MTL,6370,45.557192,-73.569847,19
Bixi_MTL,America/Montreal,373,Bixi_MTL,6369,45.4575090808,-73.63948524,27
Bixi_MTL,America/Montreal,372,Bixi_MTL,6368,45.5503765145,-73.5737335682,27
Bixi_MTL,America/Montreal,371,Bixi_MTL,6367,45.5480035299,-73.5813899338,19
Bixi_MTL,America/Montreal,370,Bixi_MTL,6366,45.5101416241,-73.6247518659,19
Bixi_MTL,America/Montreal,368,Bixi_MTL,6364,45.5499106936,-73.5582625866,23
Bixi_MTL,America/Montreal,367,Bixi_MTL,6363,45.4689269849,-73.6198702455,19
Bixi_MTL,America/Montreal,366,Bixi_MTL,6362,45.5477999529,-73.5848674178,15
Bixi_MTL,America/Montreal,365,Bixi_MTL,6361,45.5496858962,-73.5911545157,23
Bixi_MTL,America/Montreal,364,Bixi_MTL,6360,45.553456846,-73.5878419876,15
Bixi_MTL,America/Montreal,363,Bixi_MTL,6359,45.5099315145,-73.5638067126,27
Bixi_MTL,America/Montreal,362,Bixi_MTL,6358,45.5519373621,-73.5939279199,15
Bixi_MTL,America/Montreal,361,Bixi_MTL,6357,45.556866731,-73.5893064737,23
Bixi_MTL,America/Montreal,360,Bixi_MTL,6356,45.4771067519,-73.6214379966,15
Bixi_MTL,America/Montreal,359,Bixi_MTL,6355,45.5562618668,-73.537440598,23
Bixi_MTL,America/Montreal,358,Bixi_MTL,6354,45.471743,-73.613924,23
Bixi_MTL,America/Montreal,357,Bixi_MTL,6328,45.5388872323,-73.62390697,15
Bixi_MTL,America/Montreal,356,Bixi_MTL,6324,45.5455805344,-73.6349000037,15
Bixi_MTL,America/Montreal,355,Bixi_MTL,6322,45.5387379495,-73.6280214787,15
Bixi_MTL,America/Montreal,351,Bixi_MTL,6350,45.4805924804,-73.5657781363,23
Bixi_MTL,America/Montreal,350,Bixi_MTL,6349,45.4757434,-73.5646007,27
Bixi_MTL,America/Montreal,349,Bixi_MTL,6347,45.559199,-73.599658,15
Bixi_MTL,America/Montreal,348,Bixi_MTL,6346,45.5496954203,-73.5546469688,27
Bixi_MTL,America/Montreal,347,Bixi_MTL,6345,45.5539483312,-73.6115748167,31
Bixi_MTL,America/Montreal,346,Bixi_MTL,6343,45.5507397594,-73.6152943969,15
Bixi_MTL,America/Montreal,345,Bixi_MTL,6341,45.467369,-73.570769,23
Bixi_MTL,America/Montreal,344,Bixi_MTL,6340,45.544867,-73.614841,11
Bixi_MTL,America/Montreal,343,Bixi_MTL,6339,45.474565185,-73.6240357161,19
Bixi_MTL,America/Montreal,342,Bixi_MTL,6338,45.5458415618,-73.6266535521,15
Bixi_MTL,America/Montreal,341,Bixi_MTL,6336,45.5431024305,-73.6160752419,15
Bixi_MTL,America/Montreal,340,Bixi_MTL,6335,45.5448192823,-73.6215104163,23
Bixi_MTL,America/Montreal,339,Bixi_MTL,6334,45.5435597419,-73.6277720332,19
Bixi_MTL,America/Montreal,338,Bixi_MTL,6333,45.5472344964,-73.6310255527,15
Bixi_MTL,America/Montreal,337,Bixi_MTL,6332,45.5424852124,-73.636341691,15
Bixi_MTL,America/Montreal,336,Bixi_MTL,6331,45.5434235483,-73.6324618757,23
Bixi_MTL,America/Montreal,335,Bixi_MTL,6330,45.5407800498,-73.630400598,23
Bixi_MTL,America/Montreal,334,Bixi_MTL,6329,45.5409513423,-73.6263746023,23
Bixi_MTL,America/Montreal,333,Bixi_MTL,6327,45.5398641407,-73.6203128099,23
Bixi_MTL,America/Montreal,332,Bixi_MTL,6323,45.5389206377,-73.6349415779,19
Bixi_MTL,America/Montreal,331,Bixi_MTL,6398,45.5511918875,-73.5408724844,23
Bixi_MTL,America/Montreal,330,Bixi_MTL,6397,45.5532188424,-73.5397821665,22
Bixi_MTL,America/Montreal,329,Bixi_MTL,6395,45.5617828154,-73.5466110706,55
Bixi_MTL,America/Montreal,328,Bixi_MTL,6394,45.5470480642,-73.543446064,19
Bixi_MTL,America/Montreal,327,Bixi_MTL,6393,45.5409579174,-73.5470294952,19
Bixi_MTL,America/Montreal,325,Bixi_MTL,6391,45.544303087,-73.5454724729,15
Bixi_MTL,America/Montreal,324,Bixi_MTL,6389,45.5415863113,-73.6124807596,23
Bixi_MTL,America/Montreal,323,Bixi_MTL,6388,45.5506169367,-73.5490143299,19
Bixi_MTL,America/Montreal,322,Bixi_MTL,6387,45.546907183,-73.5515570641,19
Bixi_MTL,America/Montreal,321,Bixi_MTL,6386,45.5407579569,-73.5522879123,31
Bixi_MTL,America/Montreal,320,Bixi_MTL,6385,45.5361100544,-73.5762870312,23
Bixi_MTL,America/Montreal,319,Bixi_MTL,6383,45.5541329937,-73.5602259636,23
Bixi_MTL,America/Montreal,318,Bixi_MTL,6316,45.4891130877,-73.6470128596,27
Bixi_MTL,America/Montreal,317,Bixi_MTL,6315,45.4954149585,-73.62234056,23
Bixi_MTL,America/Montreal,316,Bixi_MTL,6314,45.5293264309,-73.5748064518,19
Bixi_MTL,America/Montreal,315,Bixi_MTL,6311,45.5348821415,-73.6094123125,19
Bixi_MTL,America/Montreal,314,Bixi_MTL,6312,45.5014493306,-73.6330506206,39
Bixi_MTL,America/Montreal,313,Bixi_MTL,6313,45.4824297233,-73.5836797581,19
Bixi_MTL,America/Montreal,312,Bixi_MTL,6310,45.5068991405,-73.6235260963,31
Bixi_MTL,America/Montreal,311,Bixi_MTL,6309,45.4568844514,-73.5726070404,15
Bixi_MTL,America/Montreal,309,Bixi_MTL,6307,45.5201784525,-73.5794238746,19
Bixi_MTL,America/Montreal,308,Bixi_MTL,6408,45.4891,-73.57656,17
Bixi_MTL,America/Montreal,307,Bixi_MTL,6407,45.48392802,-73.57731164,23
Bixi_MTL,America/Montreal,306,Bixi_MTL,6406,45.480208228,-73.5775986314,33
Bixi_MTL,America/Montreal,305,Bixi_MTL,6405,45.4820980397,-73.5748761892,19
Bixi_MTL,America/Montreal,304,Bixi_MTL,6404,45.485889,-73.577514,19
Bixi_MTL,America/Montreal,303,Bixi_MTL,6403,45.4850479798,-73.5719633102,19
Bixi_MTL,America/Montreal,302,Bixi_MTL,6402,45.472781068,-73.5852724314,23
Bixi_MTL,America/Montreal,301,Bixi_MTL,6401,45.4877227877,-73.5690826178,22
Bixi_MTL,America/Montreal,297,Bixi_MTL,10002,45.4782278731,-73.5696512461,23
Bixi_MTL,America/Montreal,294,Bixi_MTL,6280,45.5236149031,-73.5924573988,23
Bixi_MTL,America/Montreal,293,Bixi_MTL,6277,45.5481863713,-73.5920101404,19
Bixi_MTL,America/Montreal,292,Bixi_MTL,6088,45.4900422073,-73.5671111941,31
Bixi_MTL,America/Montreal,291,Bixi_MTL,6087,45.4930290126,-73.5648179054,31
Bixi_MTL,America/Montreal,290,Bixi_MTL,6086,45.4903101519,-73.5604137182,23
Bixi_MTL,America/Montreal,289,Bixi_MTL,6910,45.537041,-73.602026,23
Bixi_MTL,America/Montreal,288,Bixi_MTL,6919,45.5519115623,-73.5792111979,15
Bixi_MTL,America/Montreal,287,Bixi_MTL,6917,45.5498684314,-73.6476565897,15
Bixi_MTL,America/Montreal,286,Bixi_MTL,6233,45.5242831003,-73.6049484462,27
Bixi_MTL,America/Montreal,285,Bixi_MTL,6232,45.5243112069,-73.6111430884,23
Bixi_MTL,America/Montreal,284,Bixi_MTL,6228,45.527363,-73.607723,19
Bixi_MTL,America/Montreal,283,Bixi_MTL,6928,45.5011650677,-73.6205475032,19
Bixi_MTL,America/Montreal,282,Bixi_MTL,6927,45.50723,-73.615085,19
Bixi_MTL,America/Montreal,281,Bixi_MTL,6926,45.5246829813,-73.5788968205,19
Bixi_MTL,America/Montreal,280,Bixi_MTL,6921,45.4839016954,-73.563632369,31
Bixi_MTL,America/Montreal,279,Bixi_MTL,6908,45.5334104336,-73.6011242867,15
Bixi_MTL,America/Montreal,278,Bixi_MTL,6907,45.5341377479,-73.5953944445,3
Bixi_MTL,America/Montreal,277,Bixi_MTL,6906,45.5321661534,-73.5985419899,23
Bixi_MTL,America/Montreal,276,Bixi_MTL,6905,45.5439195315,-73.5842489453,31
Bixi_MTL,America/Montreal,275,Bixi_MTL,6904,45.542059559,-73.5978734493,19
Bixi_MTL,America/Montreal,274,Bixi_MTL,6279,45.5515851891,-73.599164933,19
Bixi_MTL,America/Montreal,273,Bixi_MTL,6278,45.55001,-73.59576,15
Bixi_MTL,America/Montreal,272,Bixi_MTL,6276,45.5416695958,-73.6076045036,23
Bixi_MTL,America/Montreal,271,Bixi_MTL,6275,45.5448726137,-73.6104825139,15
Bixi_MTL,America/Montreal,270,Bixi_MTL,6274,45.5303648656,-73.5843926668,19
Bixi_MTL,America/Montreal,269,Bixi_MTL,6273,45.5467790395,-73.6028167605,23
Bixi_MTL,America/Montreal,268,Bixi_MTL,6272,45.5465390118,-73.598664701,19
Bixi_MTL,America/Montreal,267,Bixi_MTL,6271,45.6400028605,-73.4901130199,19
Bixi_MTL,America/Montreal,266,Bixi_MTL,6270,45.5434517263,-73.6010102928,19
Bixi_MTL,America/Montreal,265,Bixi_MTL,6269,45.5376278135,-73.5533943772,15
Bixi_MTL,America/Montreal,264,Bixi_MTL,6268,45.53929434,-73.600419939,15
Bixi_MTL,America/Montreal,263,Bixi_MTL,6267,45.5443755464,-73.5956445336,15
Bixi_MTL,America/Montreal,262,Bixi_MTL,6266,45.5466611096,-73.5886842012,27
Bixi_MTL,America/Montreal,261,Bixi_MTL,6265,45.538502361,-73.5778332176,15
Bixi_MTL,America/Montreal,260,Bixi_MTL,6264,45.5425697478,-73.5921442509,15
Bixi_MTL,America/Montreal,259,Bixi_MTL,6263,45.4711793075,-73.6270022392,15
Bixi_MTL,America/Montreal,258,Bixi_MTL,6262,45.5371813593,-73.5975033045,15
Bixi_MTL,America/Montreal,257,Bixi_MTL,6261,45.5445985595,-73.5882228613,19
Bixi_MTL,America/Montreal,256,Bixi_MTL,6260,45.5392355906,-73.5859456658,23
Bixi_MTL,America/Montreal,255,Bixi_MTL,6259,45.5408226568,-73.5842102766,19
Bixi_MTL,America/Montreal,254,Bixi_MTL,6258,45.537087833,-73.5932184756,39
Bixi_MTL,America/Montreal,253,Bixi_MTL,6257,45.5364343386,-73.6078342798,19
Bixi_MTL,America/Montreal,251,Bixi_MTL,6255,45.53848,-73.60556,19
Bixi_MTL,America/Montreal,250,Bixi_MTL,6254,45.54006,-73.60897,23
Bixi_MTL,America/Montreal,249,Bixi_MTL,6253,45.5390003643,-73.6142510176,19
Bixi_MTL,America/Montreal,248,Bixi_MTL,6252,45.533197878,-73.6154635158,15
Bixi_MTL,America/Montreal,247,Bixi_MTL,6251,45.5342978254,-73.6121723056,23
Bixi_MTL,America/Montreal,246,Bixi_MTL,6250,45.5367852513,-73.6148879584,23
Bixi_MTL,America/Montreal,245,Bixi_MTL,6249,45.53696,-73.61199,23
Bixi_MTL,America/Montreal,244,Bixi_MTL,6248,45.518593,-73.581566,23
Bixi_MTL,America/Montreal,243,Bixi_MTL,6247,45.5322646102,-73.6110632122,31
Bixi_MTL,America/Montreal,242,Bixi_MTL,6246,45.5208547949,-73.6157396436,23
Bixi_MTL,America/Montreal,241,Bixi_MTL,6245,45.5227452982,-73.613281399,19
Bixi_MTL,America/Montreal,239,Bixi_MTL,6243,45.52054518,-73.6082021536,15
Bixi_MTL,America/Montreal,237,Bixi_MTL,6241,45.517539988,-73.5978318751,15
Bixi_MTL,America/Montreal,236,Bixi_MTL,6240,45.5057209331,-73.6294591427,27
Bixi_MTL,America/Montreal,234,Bixi_MTL,6924,45.549754793,-73.6055660248,15
Bixi_MTL,America/Montreal,233,Bixi_MTL,6903,45.5166644222,-73.5772204399,27
Bixi_MTL,America/Montreal,232,Bixi_MTL,6237,45.5320080017,-73.5804444551,15
Bixi_MTL,America/Montreal,230,Bixi_MTL,6236,45.5368557699,-73.5793731274,19
Bixi_MTL,America/Montreal,229,Bixi_MTL,6235,45.5265570019,-73.5982757807,31
Bixi_MTL,America/Montreal,228,Bixi_MTL,6234,45.526266886,-73.6031909287,19
Bixi_MTL,America/Montreal,227,Bixi_MTL,6231,45.5230264766,-73.6018404365,23
Bixi_MTL,America/Montreal,226,Bixi_MTL,6230,45.5238561444,-73.6001265049,19
Bixi_MTL,America/Montreal,225,Bixi_MTL,6229,45.5205594815,-73.5858202726,15
Bixi_MTL,America/Montreal,224,Bixi_MTL,6227,45.5202763332,-73.5949762167,23
Bixi_MTL,America/Montreal,223,Bixi_MTL,6226,45.575707,-73.561562,65
Bixi_MTL,America/Montreal,222,Bixi_MTL,6225,45.520188,-73.590559,19
Bixi_MTL,America/Montreal,221,Bixi_MTL,6224,45.51829,-73.59235,15
Bixi_MTL,America/Montreal,220,Bixi_MTL,6223,45.517,-73.589,33
Bixi_MTL,America/Montreal,219,Bixi_MTL,6222,45.5182529086,-73.5883381963,23
Bixi_MTL,America/Montreal,218,Bixi_MTL,6221,45.51941,-73.58685,27
Bixi_MTL,America/Montreal,217,Bixi_MTL,6220,45.5192263102,-73.5771879316,27
Bixi_MTL,America/Montreal,216,Bixi_MTL,6219,45.5174007618,-73.5746052861,23
Bixi_MTL,America/Montreal,215,Bixi_MTL,6217,45.5189672233,-73.5836161673,23
Bixi_MTL,America/Montreal,214,Bixi_MTL,6216,45.514839859,-73.5847789049,43
Bixi_MTL,America/Montreal,213,Bixi_MTL,6215,45.5008323163,-73.5724595189,43
Bixi_MTL,America/Montreal,212,Bixi_MTL,6214,45.516090802,-73.5701286793,31
Bixi_MTL,America/Montreal,211,Bixi_MTL,6213,45.5170681063,-73.5793662071,15
Bixi_MTL,America/Montreal,210,Bixi_MTL,6212,45.5150919841,-73.5811418295,23
Bixi_MTL,America/Montreal,209,Bixi_MTL,6211,45.5148277989,-73.5782906413,11
Bixi_MTL,America/Montreal,208,Bixi_MTL,6210,45.5506920684,-73.6563670635,26
Bixi_MTL,America/Montreal,207,Bixi_MTL,6209,45.5125413529,-73.570677191,27
Bixi_MTL,America/Montreal,206,Bixi_MTL,6208,45.51069,-73.57805,23
Bixi_MTL,America/Montreal,205,Bixi_MTL,6207,45.5128317451,-73.576887846,15
Bixi_MTL,America/Montreal,204,Bixi_MTL,6206,45.51059,-73.57547,39
Bixi_MTL,America/Montreal,203,Bixi_MTL,6205,45.5093614284,-73.5738636553,31
Bixi_MTL,America/Montreal,202,Bixi_MTL,6203,45.5065866891,-73.5732990503,23
Bixi_MTL,America/Montreal,201,Bixi_MTL,6201,45.5235441983,-73.5873323679,23
Bixi_MTL,America/Montreal,200,Bixi_MTL,6200,45.5246284856,-73.5958108306,23
Bixi_MTL,America/Montreal,199,Bixi_MTL,6199,45.5251943016,-73.5993563756,15
Bixi_MTL,America/Montreal,198,Bixi_MTL,6198,45.52974,-73.59527,23
Bixi_MTL,America/Montreal,197,Bixi_MTL,6197,45.5389843955,-73.5824453831,19
Bixi_MTL,America/Montreal,196,Bixi_MTL,6196,45.5213417341,-73.5894191265,19
Bixi_MTL,America/Montreal,195,Bixi_MTL,6195,45.5242770811,-73.5892903805,19
Bixi_MTL,America/Montreal,194,Bixi_MTL,6094,45.5255781594,-73.5928557068,23
Bixi_MTL,America/Montreal,193,Bixi_MTL,6193,45.5214957315,-73.5968267173,15
Bixi_MTL,America/Montreal,192,Bixi_MTL,6192,45.5278491754,-73.5918612778,23
Bixi_MTL,America/Montreal,191,Bixi_MTL,6191,45.5316110206,-73.6133497953,15
Bixi_MTL,America/Montreal,190,Bixi_MTL,6190,45.5270093343,-73.5857659578,15
Bixi_MTL,America/Montreal,189,Bixi_MTL,6189,45.5522893764,-73.6130064726,15
Bixi_MTL,America/Montreal,188,Bixi_MTL,6188,45.5260265652,-73.5778588057,27
Bixi_MTL,America/Montreal,187,Bixi_MTL,6187,45.5256281912,-73.5817748308,19
Bixi_MTL,America/Montreal,186,Bixi_MTL,6186,45.5293101217,-73.5886573792,15
Bixi_MTL,America/Montreal,185,Bixi_MTL,6185,45.5491208554,-73.6008735001,15
Bixi_MTL,America/Montreal,184,Bixi_MTL,6184,45.524673,-73.58255,35
Bixi_MTL,America/Montreal,183,Bixi_MTL,6183,45.5223645776,-73.5841459036,19
Bixi_MTL,America/Montreal,182,Bixi_MTL,6182,45.5216837607,-73.5851490498,15
Bixi_MTL,America/Montreal,181,Bixi_MTL,6181,45.5173538,-73.58212888,27
Bixi_MTL,America/Montreal,180,Bixi_MTL,6180,45.4987647952,-73.5544766486,35
Bixi_MTL,America/Montreal,179,Bixi_MTL,6179,45.5216853393,-73.5749414741,19
Bixi_MTL,America/Montreal,178,Bixi_MTL,6178,45.5222776,-73.5775906,14
Bixi_MTL,America/Montreal,177,Bixi_MTL,6177,45.5224256528,-73.5741841793,23
Bixi_MTL,America/Montreal,176,Bixi_MTL,6176,45.5247940996,-73.5753029399,19
Bixi_MTL,America/Montreal,175,Bixi_MTL,6175,45.5204973331,-73.5677885056,31
Bixi_MTL,America/Montreal,174,Bixi_MTL,6174,45.51908,-73.5727,23
Bixi_MTL,America/Montreal,173,Bixi_MTL,6173,45.5192661569,-73.5692971945,23
Bixi_MTL,America/Montreal,171,Bixi_MTL,6171,45.5195808283,-73.560115993,23
Bixi_MTL,America/Montreal,170,Bixi_MTL,6170,45.5304500651,-73.5876381397,23
Bixi_MTL,America/Montreal,169,Bixi_MTL,6169,45.5274321264,-73.5799167305,19
Bixi_MTL,America/Montreal,168,Bixi_MTL,6168,45.5308463005,-73.5983272121,27
Bixi_MTL,America/Montreal,167,Bixi_MTL,6167,45.5356182231,-73.5864686966,27
Bixi_MTL,America/Montreal,166,Bixi_MTL,6166,45.5338352179,-73.5892823339,23
Bixi_MTL,America/Montreal,165,Bixi_MTL,6165,45.5325139563,-73.5848110914,31
Bixi_MTL,America/Montreal,164,Bixi_MTL,6164,45.5333136055,-73.5837368667,19
Bixi_MTL,America/Montreal,163,Bixi_MTL,6163,45.53543,-73.5822,27
Bixi_MTL,America/Montreal,162,Bixi_MTL,6162,45.5295246657,-73.604888767,30
Bixi_MTL,America/Montreal,161,Bixi_MTL,6161,45.5358282369,-73.5786902905,19
Bixi_MTL,America/Montreal,160,Bixi_MTL,6160,45.5329774554,-73.5812222958,27
Bixi_MTL,America/Montreal,159,Bixi_MTL,6159,45.4948946899,-73.5577711417,15
Bixi_MTL,America/Montreal,158,Bixi_MTL,6158,45.5308162278,-73.5816259682,19
Bixi_MTL,America/Montreal,157,Bixi_MTL,6157,45.5294077762,-73.5781538486,23
Bixi_MTL,America/Montreal,156,Bixi_MTL,6156,45.5277581439,-73.5761851072,19
Bixi_MTL,America/Montreal,155,Bixi_MTL,6155,45.5302210654,-73.5769964755,27
Bixi_MTL,America/Montreal,154,Bixi_MTL,6154,45.53229,-73.57544,19
Bixi_MTL,America/Montreal,153,Bixi_MTL,6153,45.5317736717,-73.5724462476,19
Bixi_MTL,America/Montreal,152,Bixi_MTL,6152,45.5341850949,-73.5735887289,23
Bixi_MTL,America/Montreal,151,Bixi_MTL,6151,45.5358534831,-73.5720545053,23
Bixi_MTL,America/Montreal,150,Bixi_MTL,6150,45.53711414,-73.5710031,19
Bixi_MTL,America/Montreal,149,Bixi_MTL,6149,45.53867,-73.56936,23
Bixi_MTL,America/Montreal,148,Bixi_MTL,6148,45.5272930751,-73.5648071766,27
Bixi_MTL,America/Montreal,147,Bixi_MTL,6147,45.52479,-73.56545,23
Bixi_MTL,America/Montreal,146,Bixi_MTL,6146,45.5228665375,-73.5683771968,23
Bixi_MTL,America/Montreal,145,Bixi_MTL,6145,45.5245176149,-73.5719767213,23
Bixi_MTL,America/Montreal,144,Bixi_MTL,6143,45.52689,-73.57264,29
Bixi_MTL,America/Montreal,143,Bixi_MTL,6142,45.5277947855,-73.5719391704,26
Bixi_MTL,America/Montreal,142,Bixi_MTL,6141,45.5332615232,-73.5666468504,19
Bixi_MTL,America/Montreal,141,Bixi_MTL,6140,45.5298380172,-73.5703244805,15
Bixi_MTL,America/Montreal,140,Bixi_MTL,6139,45.5329262557,-73.5637798905,15
Bixi_MTL,America/Montreal,139,Bixi_MTL,6138,45.530673551,-73.5662503448,15
Bixi_MTL,America/Montreal,138,Bixi_MTL,6137,45.529666295,-73.5673364997,19
Bixi_MTL,America/Montreal,137,Bixi_MTL,6136,45.52761627,-73.5891147,19
Bixi_MTL,America/Montreal,136,Bixi_MTL,6132,45.5291345371,-73.5592335463,35
Bixi_MTL,America/Montreal,135,Bixi_MTL,6134,45.5384034098,-73.561964035,11
Bixi_MTL,America/Montreal,134,Bixi_MTL,6075,45.5224025734,-73.5811766982,23
Bixi_MTL,America/Montreal,133,Bixi_MTL,6072,45.5018043633,-73.5743451118,19
Bixi_MTL,America/Montreal,132,Bixi_MTL,6925,45.5517742672,-73.6034783723,19
Bixi_MTL,America/Montreal,131,Bixi_MTL,6923,45.5474077792,-73.6076688766,19
Bixi_MTL,America/Montreal,130,Bixi_MTL,6918,45.5387993449,-73.5887002945,27
Bixi_MTL,America/Montreal,129,Bixi_MTL,6916,45.544957689,-73.5728859364,19
Bixi_MTL,America/Montreal,128,Bixi_MTL,6915,45.5319579168,-73.6070010066,19
Bixi_MTL,America/Montreal,127,Bixi_MTL,6913,45.533348,-73.605834,23
Bixi_MTL,America/Montreal,126,Bixi_MTL,6093,45.4912258548,-73.5876300931,23
Bixi_MTL,America/Montreal,125,Bixi_MTL,6022,45.5430318724,-73.5625648499,15
Bixi_MTL,America/Montreal,124,Bixi_MTL,6079,45.5097585861,-73.5761073232,23
Bixi_MTL,America/Montreal,123,Bixi_MTL,6047,45.5074016789,-73.5784435272,39
Bixi_MTL,America/Montreal,122,Bixi_MTL,6202,45.5100715485,-73.5707522929,35
Bixi_MTL,America/Montreal,121,Bixi_MTL,6129,45.5299706913,-73.5630530119,15
Bixi_MTL,America/Montreal,120,Bixi_MTL,6133,45.5367383851,-73.5651665926,19
Bixi_MTL,America/Montreal,119,Bixi_MTL,6131,45.5340704853,-73.5626506805,35
Bixi_MTL,America/Montreal,118,Bixi_MTL,6130,45.5367,-73.56081,15
Bixi_MTL,America/Montreal,117,Bixi_MTL,6128,45.5352954804,-73.5511600971,11
Bixi_MTL,America/Montreal,116,Bixi_MTL,6127,45.5378911088,-73.6182153225,23
Bixi_MTL,America/Montreal,115,Bixi_MTL,6126,45.5321322155,-73.5587601364,23
Bixi_MTL,America/Montreal,114,Bixi_MTL,6125,45.499757,-73.629298,27
Bixi_MTL,America/Montreal,113,Bixi_MTL,6124,45.5319388928,-73.5534386337,27
Bixi_MTL,America/Montreal,112,Bixi_MTL,6123,45.5233036603,-73.5579997301,15
Bixi_MTL,America/Montreal,111,Bixi_MTL,6122,45.5306116121,-73.5491145775,19
Bixi_MTL,America/Montreal,110,Bixi_MTL,6121,45.534562565,-73.5547864647,27
Bixi_MTL,America/Montreal,109,Bixi_MTL,6120,45.5337059878,-73.5521793365,23
Bixi_MTL,America/Montreal,108,Bixi_MTL,6119,45.5269912775,-73.5582116246,35
Bixi_MTL,America/Montreal,107,Bixi_MTL,6118,45.5249261441,-73.559828353,15
Bixi_MTL,America/Montreal,106,Bixi_MTL,6117,45.5053859176,-73.5704317689,13
Bixi_MTL,America/Montreal,105,Bixi_MTL,6116,45.5234921092,-73.5607302189,15
Bixi_MTL,America/Montreal,104,Bixi_MTL,6115,45.4669356524,-73.6315311491,27
Bixi_MTL,America/Montreal,103,Bixi_MTL,6114,45.52353,-73.55199,25
Bixi_MTL,America/Montreal,102,Bixi_MTL,6113,45.5212304459,-73.5538610816,19
Bixi_MTL,America/Montreal,101,Bixi_MTL,6112,45.5191319671,-73.5578896521,19
Bixi_MTL,America/Montreal,100,Bixi_MTL,6111,45.5256378348,-73.5496824794,23
Bixi_MTL,America/Montreal,99,Bixi_MTL,6110,45.5290020666,-73.5461993515,19
Bixi_MTL,America/Montreal,98,Bixi_MTL,6109,45.5026586652,-73.5275352001,23
Bixi_MTL,America/Montreal,97,Bixi_MTL,6108,45.5283660159,-73.551170826,19
Bixi_MTL,America/Montreal,96,Bixi_MTL,6107,45.4938191499,-73.5791431012,23
Bixi_MTL,America/Montreal,95,Bixi_MTL,6106,45.52114,-73.54926,25
Bixi_MTL,America/Montreal,94,Bixi_MTL,6105,45.5193725229,-73.5519580543,19
Bixi_MTL,America/Montreal,93,Bixi_MTL,6104,45.5168175046,-73.5541883111,31
Bixi_MTL,America/Montreal,92,Bixi_MTL,6103,45.538814531,-73.5526777805,27
Bixi_MTL,America/Montreal,91,Bixi_MTL,6102,45.493034,-73.583836,15
Bixi_MTL,America/Montreal,90,Bixi_MTL,6101,45.4789683986,-73.6195993423,15
Bixi_MTL,America/Montreal,89,Bixi_MTL,6100,45.4968298623,-73.5791301727,23
Bixi_MTL,America/Montreal,88,Bixi_MTL,6099,45.5151033915,-73.5593008809,23
Bixi_MTL,America/Montreal,87,Bixi_MTL,6098,45.4965832957,-73.5765016079,27
Bixi_MTL,America/Montreal,86,Bixi_MTL,6097,45.4929067983,-73.5802821815,23
Bixi_MTL,America/Montreal,85,Bixi_MTL,6096,45.4935691613,-73.5685756803,23
Bixi_MTL,America/Montreal,84,Bixi_MTL,6095,45.4918002768,-73.5840064287,27
Bixi_MTL,America/Montreal,83,Bixi_MTL,6194,45.4894762288,-73.5845656693,27
Bixi_MTL,America/Montreal,82,Bixi_MTL,6912,45.5353599616,-73.6036348343,23
Bixi_MTL,America/Montreal,81,Bixi_MTL,6092,45.4953230798,-73.5738867336,23
Bixi_MTL,America/Montreal,80,Bixi_MTL,6091,45.491686521,-73.5767671466,19
Bixi_MTL,America/Montreal,79,Bixi_MTL,6090,45.494871596,-73.5711237788,17
Bixi_MTL,America/Montreal,78,Bixi_MTL,6089,45.5279509379,-73.595023267,15
Bixi_MTL,America/Montreal,77,Bixi_MTL,6085,45.4942598368,-73.563818112,43
Bixi_MTL,America/Montreal,76,Bixi_MTL,6084,45.4955813505,-73.5537108779,31
Bixi_MTL,America/Montreal,75,Bixi_MTL,6083,45.5043467869,-73.5689485073,35
Bixi_MTL,America/Montreal,74,Bixi_MTL,6082,45.5499004802,-73.5830837488,19
Bixi_MTL,America/Montreal,73,Bixi_MTL,6081,45.4957609029,-73.5768261552,23
Bixi_MTL,America/Montreal,72,Bixi_MTL,6080,45.4739302824,-73.60473454,31
Bixi_MTL,America/Montreal,71,Bixi_MTL,6078,45.5052735403,-73.5674786568,27
Bixi_MTL,America/Montreal,69,Bixi_MTL,6076,45.5579706822,-73.5291700065,15
Bixi_MTL,America/Montreal,68,Bixi_MTL,6073,45.5052547423,-73.5706973076,29
Bixi_MTL,America/Montreal,67,Bixi_MTL,6070,45.5065111754,-73.576669246,31
Bixi_MTL,America/Montreal,65,Bixi_MTL,6068,45.562509038,-73.6165603995,31
Bixi_MTL,America/Montreal,64,Bixi_MTL,6067,45.5136662621,-73.5384249687,19
Bixi_MTL,America/Montreal,63,Bixi_MTL,6065,45.5003923669,-73.5781680128,19
Bixi_MTL,America/Montreal,62,Bixi_MTL,6064,45.50038,-73.57507,57
Bixi_MTL,America/Montreal,61,Bixi_MTL,6063,45.49947,-73.57591,51
Bixi_MTL,America/Montreal,60,Bixi_MTL,6062,45.4986393033,-73.5742270947,31
Bixi_MTL,America/Montreal,59,Bixi_MTL,6061,45.5007599379,-73.5704827309,23
Bixi_MTL,America/Montreal,58,Bixi_MTL,6060,45.5078375415,-73.5631361604,33
Bixi_MTL,America/Montreal,57,Bixi_MTL,6059,45.4991912071,-73.5694205761,51
Bixi_MTL,America/Montreal,56,Bixi_MTL,6058,45.4993255103,-73.571767509,27
Bixi_MTL,America/Montreal,55,Bixi_MTL,6057,45.4983723383,-73.5685783625,19
Bixi_MTL,America/Montreal,52,Bixi_MTL,6053,45.5082046151,-73.5688143969,27
Bixi_MTL,America/Montreal,51,Bixi_MTL,6052,45.4975037534,-73.5528445244,88
Bixi_MTL,America/Montreal,50,Bixi_MTL,6051,45.5315079142,-73.6030836403,19
Bixi_MTL,America/Montreal,49,Bixi_MTL,6050,45.498577791,-73.5602420568,39
Bixi_MTL,America/Montreal,48,Bixi_MTL,6049,45.497605277,-73.5553497076,19
Bixi_MTL,America/Montreal,47,Bixi_MTL,6048,45.4989191139,-73.557254076,19
Bixi_MTL,America/Montreal,46,Bixi_MTL,6204,45.5081409594,-73.5749298334,27
Bixi_MTL,America/Montreal,45,Bixi_MTL,6046,45.498312177,-73.5672560334,47
Bixi_MTL,America/Montreal,43,Bixi_MTL,6044,45.5215642709,-73.5703673959,23
Bixi_MTL,America/Montreal,42,Bixi_MTL,6043,45.50206,-73.56295,19
Bixi_MTL,America/Montreal,41,Bixi_MTL,6042,45.500605781,-73.5654482245,27
Bixi_MTL,America/Montreal,40,Bixi_MTL,6041,45.5014410814,-73.5601441562,27
Bixi_MTL,America/Montreal,39,Bixi_MTL,6040,45.502786498,-73.5591343045,23
Bixi_MTL,America/Montreal,38,Bixi_MTL,6039,45.5008764952,-73.5590055585,23
Bixi_MTL,America/Montreal,37,Bixi_MTL,6038,45.4999647093,-73.5561543703,23
Bixi_MTL,America/Montreal,36,Bixi_MTL,6037,45.5019668591,-73.5551525652,15
Bixi_MTL,America/Montreal,35,Bixi_MTL,6036,45.5042424556,-73.5534694791,43
Bixi_MTL,America/Montreal,34,Bixi_MTL,6035,45.5053116652,-73.5608911514,38
Bixi_MTL,America/Montreal,32,Bixi_MTL,6033,45.5582806377,-73.5831588507,15
Bixi_MTL,America/Montreal,31,Bixi_MTL,6032,45.5063144561,-73.5596712289,33
Bixi_MTL,America/Montreal,30,Bixi_MTL,6031,45.5045906956,-73.5591879487,15
Bixi_MTL,America/Montreal,28,Bixi_MTL,6029,45.4808457633,-73.5838615894,19
Bixi_MTL,America/Montreal,26,Bixi_MTL,6027,45.5020538641,-73.5734653473,23
Bixi_MTL,America/Montreal,25,Bixi_MTL,6026,45.5076100945,-73.5518360138,81
Bixi_MTL,America/Montreal,24,Bixi_MTL,6025,45.5071439193,-73.5551190376,15
Bixi_MTL,America/Montreal,23,Bixi_MTL,6024,45.599265523,-73.5122606903,27
Bixi_MTL,America/Montreal,22,Bixi_MTL,6023,45.51086,-73.54983,51
Bixi_MTL,America/Montreal,21,Bixi_MTL,6902,45.5210810432,-73.5622751713,31
Bixi_MTL,America/Montreal,20,Bixi_MTL,6020,45.514767244,-73.5654911399,19
Bixi_MTL,America/Montreal,19,Bixi_MTL,6019,45.5179989377,-73.5681840777,23
Bixi_MTL,America/Montreal,18,Bixi_MTL,6018,45.51889,-73.56353,19
Bixi_MTL,America/Montreal,17,Bixi_MTL,6017,45.5206337725,-73.5639059544,31
Bixi_MTL,America/Montreal,16,Bixi_MTL,6016,45.472599003,-73.5398056358,27
Bixi_MTL,America/Montreal,15,Bixi_MTL,6015,45.515299,-73.561273,31
Bixi_MTL,America/Montreal,14,Bixi_MTL,6014,45.5128712158,-73.5584664345,39
Bixi_MTL,America/Montreal,13,Bixi_MTL,6013,45.5134055356,-73.5625943542,31
Bixi_MTL,America/Montreal,12,Bixi_MTL,6012,45.51111772,-73.5647879542,49
Bixi_MTL,America/Montreal,11,Bixi_MTL,6011,45.5141145279,-73.5526446998,27
Bixi_MTL,America/Montreal,10,Bixi_MTL,6901,45.6112307416,-73.5312415661,15
Bixi_MTL,America/Montreal,9,Bixi_MTL,6009,45.4981116144,-73.5776153952,23
Bixi_MTL,America/Montreal,8,Bixi_MTL,6008,45.5128612166,-73.5615948561,23
Bixi_MTL,America/Montreal,7,Bixi_MTL,6007,45.5116604559,-73.5621356964,27
Bixi_MTL,America/Montreal,6,Bixi_MTL,6006,45.5579347907,-73.5768079386,31
Bixi_MTL,America/Montreal,5,Bixi_MTL,6005,45.5258899181,-73.650034368,19
Bixi_MTL,America/Montreal,4,Bixi_MTL,6004,45.5096552047,-73.5540086031,23
Bixi_MTL,America/Montreal,3,Bixi_MTL,6003,45.5108238729,-73.5671715438,15
Bixi_MTL,America/Montreal,2,Bixi_MTL,6002,45.539385082,-73.5409998894,19
Bixi_MTL,America/Montreal,1,Bixi_MTL,6001,45.5101627637,-73.5566370749,31
Bixi_MTL,America/Montreal,548,Bixi_MTL,7034,45.4804951433,-73.5778266191,25
Bixi_MTL,America/Montreal,406,Bixi_MTL,6501,45.5128005758,-73.5311159492,50
